hgvs_pro,score
MVK_Cys101Tyr,0.0
RP2_Pro179Ser,0.0
AGXT_Arg36Cys,100.0
RP2_Tyr198Cys,0.0
NF2_Glu344Ala,100.0
RP2_Gly261Cys,0.0
MPDU1_Cys22Trp,0.0
CFP_Arg346Cys,0.0
CAPN3_Arg29Gln,0.0
PLP1_Ser135Phe,22.22
MPDU1_Ala135Thr,0.0
MPDU1_Pro211Ala,100.0
EMD_Met1Val,3.03
HBD_Leu76Val,50.0
GRN_Ala324Thr,0.0
TMEM43_Arg312Trp,100.0
LITAF_Ala129Val,16.67
PYGL_Leu739Met,0.0
GFAP_Lys279Glu,0.0
IMPDH1_Lys541Arg,0.0
AHCY_Arg335Cys,0.0
ACSF3_Glu359Lys,100.0
GFAP_Glu374Gly,0.0
GFAP_Arg88Cys,0.0
CFP_Arg100Trp,0.0
IMPDH1_Asn247Lys,0.0
IMPDH1_His553Arg,0.0
KCNJ2_Arg67Gln,100.0
RP2_Asp161Tyr,0.0
STXBP1_Pro480Leu,83.33
CLN6_Arg103Gln,0.0
STXBP1_Gly417Asp,33.33
RP2_Gln134Arg,0.0
RAD51D_His23Arg,5.26
TPM1_Ile92Thr,0.0
LITAF_Pro135Arg,16.67
VHL_Glu70Lys,0.0
EMD_Pro183Thr,0.0
TH_Val136Met,0.0
TPM1_Glu180Val,0.0
SDHD_Phe34Cys,0.0
FARS2_His84Pro,97.3
MLH1_Gly244Asp,85.71
AGXT_Glu274Asp,0.0
TSFM_Arg254Cys,60.0
GFAP_Glu371Val,5.26
AHCY_Gly132Arg,0.0
LITAF_Pro84Leu,26.67
STXBP1_Leu256Pro,100.0
EMD_Asp72Val,13.33
RP2_Val297Leu,0.0
AGXT_Gly116Arg,0.0
AHCY_Cys421Arg,0.0
NMNAT1_Arg237Leu,100.0
IMPDH1_Asp484Ala,0.0
PKP2_Thr482Met,0.0
CFP_His457Tyr,0.0
IMPDH1_Ala395Gly,0.0
EFHC1_Phe229Leu,0.0
MVK_Pro167Leu,100.0
HPRT1_Gly70Glu,0.0
CFP_Pro437Thr,0.0
AHCY_Arg233Gln,0.0
FARS2_His135Asp,0.0
GCK_Gly385Arg,50.0
GFAP_Pro47Leu,6.67
AHCY_Lys408Arg,0.0
ACSF3_Gly119Asp,100.0
TH_Arg306His,100.0
TPM1_Met8Arg,0.0
VHL_Tyr112His,100.0
PLP1_Pro181Ser,12.5
AGXT_Phe152Ile,71.43
COQ8A_Gly272Asp,100.0
VHL_Glu145Lys,0.0
AGXT_Asp129His,0.0
CLN6_Ala12Thr,0.0
CAPN3_Ala17Thr,0.0
RAD51D_Val66Leu,5.26
LITAF_Gly130Ser,16.67
IMPDH1_Thr274Pro,25.0
PCCA_Ile450Val,0.0
KRT6A_Asn171Asp,0.0
UBQLN2_Pro509Ser,0.0
AHCY_Arg233Trp,0.0
MYD88_Thr202Pro,50.0
FBP1_Pro284Arg,100.0
MPDU1_Leu18Ser,0.0
AGXT_Asp201Asn,85.71
FARS2_Asp142Tyr,2.63
AQP1_Asn192Lys,100.0
SDHD_His102Pro,100.0
TSFM_Val12Phe,0.0
MPDU1_Ile205Val,0.0
GALE_Lys257Arg,0.0
LITAF_Gly112Ser,0.0
KCNJ2_Met301Arg,100.0
HMBS_Gln34Lys,0.0
PLP1_Trp128Arg,100.0
MVK_Leu255Pro,100.0
NF2_Leu434Pro,100.0
PITX2_Arg137Trp,0.0
ACSF3_Arg10Trp,100.0
AGXT_Gly161Arg,14.29
LITAF_Arg160His,0.0
SCARB2_Arg121Gln,0.0
MLH1_Cys39Tyr,100.0
CAPN3_Ala286Glu,100.0
LITAF_Pro39Ser,0.0
MLH1_Gln701His,100.0
SDHD_Ile31Val,0.0
AGXT_Ala248Val,0.0
RAD51D_Phe305Leu,0.0
IMPDH1_Asn247His,0.0
GRN_Thr182Met,12.5
COQ8A_Gly549Ser,0.0
GFAP_Arg376Trp,0.0
NF2_Leu315Pro,0.0
MPDU1_Leu41Val,100.0
KRT6A_Leu170Phe,0.0
HPRT1_Asp194Asn,0.0
PLP1_Gly74Arg,88.89
CFP_Arg10Gly,0.0
CAPN3_Ser94Leu,0.0
NF2_Asn137Tyr,0.0
PNKP_Glu326Lys,53.85
AGXT_Val162Met,0.0
PMP22_Gly150Cys,14.29
IMPDH1_Pro118Ala,0.0
GFAP_Arg239Leu,0.0
AHCY_Met33Val,0.0
KRT2_Thr479Pro,0.0
GCK_Ala387Glu,50.0
PTS_Asp116Gly,0.0
EFHC1_Ala394Ser,97.37
CTCF_Pro643Ser,0.0
PITX2_Arg144Pro,100.0
AGXT_Ser221Pro,0.0
AHCY_Asp86Gly,0.0
PLP1_Asp168His,14.29
AGXT_Ala295Thr,100.0
MPDU1_Met1Thr,0.0
TH_Glu250Gln,100.0
TPM1_Ala22Thr,0.0
CAPN3_Thr87Ala,0.0
PRKAR1A_Arg335Pro,0.0
KRT86_Asn114Asp,14.29
TSFM_Arg255Cys,40.0
STXBP1_Asn548Asp,100.0
AIPL1_Gly262Ser,0.0
HMBS_Arg321His,100.0
HPRT1_His204Asp,0.0
MPDU1_Tyr137Cys,0.0
MPDU1_Gln243His,100.0
PITX2_Arg115His,33.33
GFAP_Leu352Pro,25.0
EFHC1_Asp253Tyr,0.0
SDHD_His102Arg,0.0
EFHC1_Asn607Ser,2.7
KRT6A_Asn171Tyr,0.0
CFP_Arg157Gln,0.0
GCK_Gly299Arg,50.0
IMPDH1_Arg273Pro,0.0
VAPB_Asp162Glu,0.0
HGD_His371Arg,0.0
HMBS_Arg26His,0.0
STAR_Arg182His,0.0
NAA_Arg116Trp,0.0
RAD51D_Val28Leu,47.37
HBD_Leu89Val,50.0
NF2_Leu131Pro,0.0
KCNJ2_Val86Phe,100.0
VHL_Arg126Gly,0.0
AGXT_Arg118Cys,85.71
RP2_Lys10Glu,0.0
CAPN3_Arg60Trp,50.0
AHCY_Ile92Val,0.0
TTR_Ala129Thr,100.0
MLH1_Cys39Phe,100.0
LITAF_Ser118Pro,66.67
MPDU1_Leu119Pro,0.0
CAPN3_Val169Met,0.0
CAPN3_Leu305Phe,0.0
CFP_Val53Met,0.0
GCK_Gly44Asp,50.0
IER3IP1_Leu78Pro,83.33
HBD_Asn58Lys,100.0
STXBP1_Cys180Tyr,83.33
CAPN3_Arg257Trp,0.0
CFP_Pro237Ser,0.0
THAP1_Gly9Cys,0.0
GRN_Cys105Arg,0.0
PKP2_Ala372Pro,0.0
RAD51D_Cys9Ser,22.22
IMPDH1_Lys287Glu,0.0
CAPN3_Ser40Arg,50.0
CHN1_Ile126Met,0.0
AQP1_Val107Gly,6.25
BAG3_Pro380Ser,6.25
UBQLN2_Pro497Ser,5.71
CAPN3_Asp266Asn,0.0
CAPN3_Ile149Lys,0.0
GFAP_Arg79Ser,0.0
MVK_Ala148Thr,100.0
TH_Ala226Thr,0.0
MPDU1_Leu74Ser,0.0
TPM1_Ala239Thr,0.0
HBD_Gly17Arg,0.0
MVK_His20Pro,100.0
MPDU1_Gln126Pro,0.0
SH3BP2_Pro418Leu,0.0
IMPDH1_Thr109Met,25.0
AGXT_Ala280Val,42.86
AHCY_Pro176Ser,0.0
IMPDH1_Ala216Ser,0.0
IMPDH1_Lys158Asn,0.0
NCF2_Arg184Pro,0.0
KRT6A_Glu472Lys,0.0
GCK_Gly175Arg,0.0
FBP1_Ala177Asp,100.0
TTR_Val40Ile,0.0
PKP2_Phe424Ser,0.0
GMPPB_Pro22Ser,0.0
KCNJ2_Cys76Gly,100.0
GALE_Leu313Met,0.0
VHL_Val125Ala,0.0
SFTPC_Arg167Gln,0.0
RP2_Met257Ile,100.0
SFTPC_Ile73Thr,0.0
CAPN3_Ser136Gly,0.0
TSFM_Tyr216Phe,100.0
TTR_Thr69Ala,100.0
EFHC1_Asp210Asn,0.0
AHCY_Gly342Val,0.0
LITAF_Pro135Thr,0.0
RAD51D_Ala231Ser,0.0
BAG3_Arg258Trp,6.25
PKP2_Met365Val,0.0
CFP_Trp321Ser,0.0
TH_Glu27Asp,50.0
NF2_Thr336Arg,0.0
KRT8_Gly53Val,0.0
MVK_Ser52Asn,0.0
KCNJ2_Val93Ile,100.0
LITAF_Trp116Gly,33.33
RP2_Gly349Ala,0.0
HGD_Met368Val,0.0
PLP1_Leu189Pro,33.33
AGXT_Arg289Cys,100.0
AQP1_Pro38Leu,75.0
PTS_Arg25Gln,0.0
AHCY_Met35Thr,0.0
NF2_Asn92Ser,0.0
TSFM_Arg130Gly,0.0
MLH1_Ala586Asp,100.0
MYD88_Leu93Pro,100.0
KRT6A_Leu468Pro,0.0
GFAP_Glu205Lys,5.0
PKP2_Asp26Asn,0.0
AQP1_Gly165Asp,0.0
TH_Val468Met,50.0
KRT8_Gly434Ser,0.0
MYD88_Arg196Cys,50.0
STXBP1_Cys354Arg,50.0
RP2_Leu253Arg,33.33
FA2H_Phe144Ser,0.0
HGD_Pro230Ser,100.0
STXBP1_Arg305Gln,50.0
PKP2_Thr242Met,100.0
TSFM_Ala78Val,60.0
CAPN3_His245Tyr,0.0
AGXT_Lys12Arg,100.0
UBQLN2_Pro525Ser,0.0
CFP_Gln35Arg,0.0
CFP_Arg359Gln,0.0
SH3BP2_Pro418Arg,0.0
STXBP1_Arg190Trp,50.0
MPDU1_Ser43Arg,100.0
MLH1_Ser106Arg,0.0
STXBP1_Arg551Leu,100.0
CAPN3_Ala242Thr,0.0
CFP_Arg161Gln,0.0
XRCC2_Phe270Val,0.0
ACSF3_Asp457Asn,100.0
TTR_Phe64Ser,0.0
ACSF3_Arg471Trp,100.0
MPDU1_Gly45Val,0.0
NF2_Leu375Arg,0.0
GFAP_Leu235Pro,0.0
AHCY_Arg327Trp,0.0
AHCY_Ile295Val,0.0
SDHD_Val111Ile,0.0
AHCY_Glu243Lys,100.0
TTR_Leu75Pro,0.0
STXBP1_Lys196Arg,33.33
HPRT1_Gly71Arg,0.0
CAPN3_Asn201Asp,0.0
CTCF_Tyr407Cys,0.0
TTR_Gly67Arg,100.0
TSFM_Pro38Ser,0.0
MVK_Asn301Thr,100.0
AGXT_Arg111Gln,71.43
GFAP_Glu210Lys,5.88
TSFM_Trp91Gly,0.0
TPM1_Arg238Trp,0.0
CFP_Gln131Glu,0.0
KCNJ2_Val295Ala,100.0
CHN1_Pro252Ser,0.0
HPRT1_Arg45Lys,0.0
CFP_Arg79Gln,0.0
CFP_Tyr414Asp,0.0
LITAF_Asn30Tyr,6.67
CFP_Met392Leu,0.0
AHCY_Gly236Arg,0.0
AGXT_Glu371Lys,100.0
VAPB_Pro56Ser,0.0
UROD_Gly281Val,0.0
COL2A1_Thr164Met,0.0
MPDU1_Ser221Cys,0.0
NF2_Met401Thr,0.0
CTCF_His455Gln,0.0
AGXT_Ser187Phe,0.0
KCTD7_Arg94Trp,0.0
CRYAB_Gly154Ser,0.0
GALE_Val94Met,0.0
KCNJ2_Val302Met,0.0
CFP_Pro289Ser,0.0
CFP_Pro239Leu,0.0
ZMYND_Leu266Pro,100.0
AGXT_Arg197Gln,28.57
CAPN3_Arg36His,0.0
PKP2_Ile487Ser,100.0
STXBP1_Arg190Gln,100.0
TPM1_Lys248Glu,0.0
CAPN3_Glu41Lys,50.0
STXBP1_Lys333Glu,50.0
EFHC1_Met448Thr,0.0
TSFM_Arg25Ser,0.0
TH_Pro121Leu,50.0
IMPDH1_Thr443Met,0.0
IMPDH1_Gln292His,0.0
MPDU1_Pro15Ser,0.0
AHCY_Ala397Val,0.0
BCL10_Leu8Leu,0.0
FARS2_Asp325Tyr,61.29
STXBP1_Thr419Met,50.0
HMBS_Glu250Lys,100.0
KCNJ2_Gly300Asp,100.0
AGXT_Ile340Met,100.0
AGXT_Arg301Cys,85.71
CAPN3_Arg60Pro,100.0
HBD_Val99Met,50.0
KCNJ2_Glu349Lys,100.0
SDHD_His102Leu,100.0
KRT2_Glu488Lys,0.0
HMBS_Arg167Gln,0.0
NF2_Gly114Cys,0.0
AGXT_Ala248Ser,14.29
HPRT1_Pro176Leu,0.0
RP2_Cys86Tyr,100.0
HBD_Pro37His,50.0
AGXT_Pro319Leu,100.0
RAD51D_Val66Met,5.26
CAPN3_Asn201Thr,0.0
GSS_Arg125Cys,0.0
FARS2_Ile329Thr,2.63
MLH1_Asp485Glu,0.0
CAPN3_Gly179Arg,0.0
HPRT1_Thr168Ile,0.0
NF2_Met29Ile,0.0
IMPDH1_Gly512Ser,25.0
STXBP1_Leu426Pro,100.0
SFTPC_Leu194Pro,0.0
TSFM_Gly73Ala,0.0
IMPDH1_Arg154Trp,0.0
HPRT1_Asp201Gly,0.0
HMBS_His256Asn,0.0
PYGL_Val456Met,0.0
HBD_His147Arg,50.0
TTR_Ile88Leu,0.0
STXBP1_Pro94Leu,16.67
AHCY_Arg38Trp,0.0
KCTD1_His33Pro,0.0
PKP2_Gly5Asp,0.0
NCF2_Asp93Glu,0.0
PLP1_Thr147Pro,66.67
NF2_Asp411His,0.0
TTR_Ala117Ser,0.0
EFHC1_Arg159Trp,28.95
TSFM_Ser293Phe,80.0
MLH1_Gly147Arg,57.14
GFAP_Glu207Gln,0.0
MPDU1_Thr113Met,0.0
STXBP1_Thr248Ile,80.0
MPDU1_Ala187Val,0.0
CFP_Arg157Trp,0.0
AIPL1_Arg270His,100.0
RP2_Arg118Leu,0.0
GFAP_Arg258Pro,6.67
TSFM_Gly276Arg,40.0
KCTD1_Gly62Asp,0.0
SIX1_Val106Gly,0.0
HGD_Val300Gly,100.0
LITAF_Thr115Asn,15.38
GFAP_Tyr257Cys,6.67
GSS_Pro314Leu,0.0
UBQLN2_Pro497His,0.0
SCARB2_Gly462Glu,0.0
ACSF3_Pro285Leu,100.0
RAD51D_Gly289Ser,0.0
RP2_Arg118His,0.0
TTR_Asp38Gly,100.0
IMPDH1_Thr221Ala,0.0
CHN1_Glu313Lys,0.0
STXBP1_Leu291Pro,83.33
GMPPB_Arg287Gln,0.0
TPM1_Asp230Asn,0.0
KRT5_Lys404Glu,0.0
IMPDH1_Arg273Cys,0.0
HPRT1_Ala161Ser,0.0
CAPN3_Ser117Asn,0.0
TPM1_Ala277Val,0.0
STXBP1_Pro335Leu,50.0
AHCY_Arg285Trp,0.0
IMPDH1_Ala17Gly,0.0
KCTD7_Asp115Tyr,0.0
CFP_Thr408Ile,0.0
KCNJ2_Ala70Thr,100.0
TTR_Ala129Val,0.0
VHL_His150Asp,0.0
AP2S1_Arg15His,100.0
AHCY_Arg334Cys,0.0
HBD_Arg117Cys,50.0
GFAP_Arg239Pro,6.67
EFHC1_Ile174Val,0.0
NF2_Pro410Leu,0.0
IMPDH1_Glu245Gln,0.0
GFAP_Glu371Gly,0.0
HMBS_Leu81Pro,0.0
MLH1_Lys751Arg,0.0
TMEM43_Glu142Lys,50.0
CAPN3_Asp195Gly,0.0
STXBP1_Gly544Asp,100.0
ACSF3_Thr358Ile,0.0
RP2_Ala277Thr,0.0
KCNJ2_Arg189Lys,100.0
CFP_Lys413Glu,0.0
KRT6A_Asn171Ser,0.0
TSFM_Gly162Ser,80.0
PKP2_Ser571Thr,100.0
TSFM_Cys240Arg,100.0
TMEM43_Tyr371His,0.0
HMBS_Arg167Trp,0.0
RP2_Met41Thr,0.0
CFP_Glu215Lys,0.0
AGXT_Ala210Pro,0.0
TMEM43_Arg28Trp,0.0
STAR_Arg182Leu,0.0
TPK1_Asn50His,0.0
MPDU1_Glu4Lys,0.0
RAD51D_Val56Gly,0.0
TH_Thr463Met,50.0
CFP_Arg247Trp,0.0
PKP2_Gly68Ser,0.0
AGXT_Asn22Ser,14.29
STAR_Val187Met,100.0
KCNJ2_Met301Val,0.0
IMPDH1_Val176Met,25.0
NF2_His479Arg,0.0
VHL_Glu52Lys,0.0
RP2_Pro54Leu,0.0
GFAP_Leu357Pro,23.53
ACSF3_Pro243Leu,100.0
IER3IP1_Val21Gly,16.67
GCK_Gly178Arg,0.0
RAD51D_Met308Val,0.0
SDHD_Leu139Pro,100.0
IL36RN_Arg102Trp,0.0
PRKAR1A_Met1Val,0.0
EFHC1_Arg221His,0.0
CFP_Gly194Arg,0.0
NF2_Gly419Asp,0.0
MPDU1_Lys242Gln,100.0
CFP_Val105Met,0.0
PKP2_Ile377Thr,33.33
AQP1_Gln47Arg,0.0
KRT6A_Tyr465His,0.0
EFHC1_Arg159Gly,8.11
SDHD_Ala90Val,0.0
RP2_Gly261Val,0.0
STXBP1_Leu183Pro,83.33
CFP_Gly138Ser,0.0
CAPN3_Met280Lys,0.0
PLP1_Ile152Thr,14.29
STXBP1_Met443Arg,100.0
TSFM_Arg8Cys,20.0
RP2_Arg218Ser,0.0
TSFM_Ser2Leu,20.0
STXBP1_Asp238Glu,100.0
VHL_Pro25Leu,0.0
SH3BP2_Arg415Gln,0.0
NF2_Glu462Lys,0.0
LDHB_Lys7Glu,0.0
MVK_Val278Met,0.0
VAPB_Asp130Glu,0.0
GALE_Gly302Asp,0.0
SUOX_Ala265Asp,0.0
GCK_Arg303Trp,50.0
SDHD_Ala90Glu,100.0
TSFM_Cys64Tyr,40.0
CAPN3_Glu102Asp,0.0
SFTPC_Glu66Lys,0.0
KCTD7_Leu108Met,0.0
RP2_Gly94Arg,100.0
AHCY_Arg196Trp,0.0
AHCY_His375Arg,0.0
HMBS_Ala252Val,100.0
KCTD1_His33Gln,0.0
MPDU1_Val218Leu,0.0
NCF2_Asp108Val,0.0
IL36RN_Thr123Arg,100.0
RP2_Arg282Gln,0.0
HGD_Ser47Leu,0.0
MLH1_Ile36Asn,100.0
LITAF_Val81Met,0.0
AIPL1_Met79Thr,100.0
VAPB_Thr46Ile,0.0
TH_Gln39Glu,0.0
TPM1_Glu40Lys,0.0
ACSF3_Arg558Trp,100.0
PRKAR1A_Tyr373His,20.0
SH3BP2_Pro418His,0.0
FARS2_Ser57Cys,0.0
CAPN3_Arg34His,0.0
IL36RN_Lys35Arg,0.0
GFAP_Asn77Ser,0.0
AHCY_Pro98Leu,0.0
RP2_Val210Ile,0.0
RP2_Arg282Trp,0.0
KRT2_Asn186Tyr,0.0
IMPDH1_Val207Ala,0.0
KCNJ2_Thr75Arg,100.0
NMNAT1_Glu257Lys,0.0
MLH1_Leu73Arg,100.0
MPDU1_Ser197Pro,0.0
HMBS_Glu223Lys,0.0
CAPN3_Gly151Glu,0.0
NF2_Asp420Asn,0.0
HPRT1_Asp80Val,0.0
STXBP1_Arg406His,80.0
PMP22_Asp37Val,0.0
MPDU1_Phe191Leu,0.0
ACSF3_Met198Arg,100.0
VHL_Cys121Phe,100.0
KRT2_Glu476Val,0.0
KCNJ2_Asp71Val,100.0
NMNAT1_Leu153Val,0.0
STXBP1_Arg406Leu,100.0
HBD_Asn13Lys,0.0
IMPDH1_His421Pro,25.0
SMARCB1_Arg37His,0.0
HPRT1_Gly58Arg,0.0
HBD_Arg105Ser,50.0
IMPDH1_Ala38Ser,0.0
TTR_Phe64Leu,0.0
PRPS1_Leu129Ile,100.0
IMPDH1_Lys287Arg,0.0
GFAP_Ala364Pro,17.65
TTR_Glu109Gln,0.0
KCNJ2_Pro420Leu,100.0
NF2_Leu58Pro,0.0
RP2_Cys110Arg,100.0
KRT6A_Ser176Pro,0.0
KCNJ2_Arg312His,100.0
AGXT_Pro11His,100.0
CFP_Pro394Ser,0.0
AGXT_Asp341Glu,100.0
UROD_Tyr311Cys,0.0
AHCY_Gly123Arg,0.0
VHL_Leu122Pro,0.0
THAP1_Lys89Arg,0.0
CFP_Arg434Thr,0.0
LITAF_Pro51Ser,0.0
MLH1_Pro28Leu,89.47
PLP1_Cys193Tyr,75.0
MPDU1_Thr113Ser,0.0
RP2_Thr87Ile,0.0
PLP1_Val184Phe,22.22
CAPN3_Tyr251Cys,0.0
RP2_Ile91Leu,0.0
SCARB2_Val396Ile,0.0
PLP1_Thr43Ile,33.33
STXBP1_Val451Ile,16.67
CAPN3_Gly55Trp,50.0
KRT8_Tyr54His,0.0
TPM1_Arg160His,0.0
CAPN3_Arg29Gly,0.0
MPDU1_Phe63Leu,0.0
CAPN3_Ala259Val,0.0
MPDU1_Gly215Glu,0.0
TTR_Val50Gly,100.0
CFP_Pro78Ala,0.0
NF2_Arg335Cys,0.0
IL36RN_Leu27Pro,100.0
PCCA_Met348Lys,100.0
VHL_Pro81Ser,100.0
STAR_Arg188Cys,100.0
TMEM43_Ile91Val,0.0
RP2_Glu256Asp,0.0
IMPDH1_Leu250Pro,100.0
CTCF_Arg342Cys,0.0
SDHD_His50Arg,0.0
RP2_Ile314Thr,0.0
MLH1_Asp304Gly,0.0
IMPDH1_Gly494Asp,0.0
CFP_Gly250Ser,0.0
KCNJ2_Arg82Gln,100.0
IMPDH1_Arg461Trp,50.0
TSFM_Cys240Ser,100.0
UROD_Arg332His,0.0
AGXT_Met49Leu,71.43
IMPDH1_Val317Ile,0.0
FARS2_Gly309Ser,97.37
SCARB2_His363Asn,0.0
NMNAT1_Asn273Asp,0.0
KCNJ2_Arg67Trp,100.0
LITAF_Leu122Val,16.67
COL2A1_Thr220Met,0.0
KRT6A_Arg164Pro,0.0
STXBP1_Arg235Gln,100.0
AHCY_Arg431His,0.0
AHCY_Leu125Val,0.0
AIPL1_Arg302Leu,0.0
CAPN3_Pro89Leu,50.0
STXBP1_Tyr411His,33.33
CAPN3_Thr48Ala,0.0
LITAF_Ser15Leu,0.0
KCNJ2_Thr400Met,100.0
TSFM_Ala174Val,0.0
KLHL3_Met78Val,0.0
TSFM_Arg39Leu,0.0
CFP_Phe431Val,0.0
MVK_Asn205Asp,0.0
CLN6_Arg6Thr,0.0
HMBS_Asp359Asn,0.0
TPM1_Ile172Thr,0.0
SMARCB1_Pro48Leu,100.0
KCTD1_Ala30Glu,0.0
HBD_Asp100Asn,50.0
VHL_Tyr134Cys,0.0
VHL_Gln123Arg,0.0
IL36RN_Ser113Leu,0.0
SFTPC_Ala116Asp,20.0
TH_Ile209Met,50.0
AGXT_Ala85Asp,100.0
MYD88_Arg180Trp,50.0
AGXT_Arg381Lys,0.0
GFAP_Leu90Pro,0.0
PKP2_Leu481Arg,0.0
HGD_Cys120Trp,100.0
AGXT_Val326Ile,0.0
LITAF_Pro34Thr,0.0
CFP_Pro15Leu,25.0
AGXT_Ala186Val,0.0
IMPDH1_Arg24Trp,0.0
PKP2_Glu380Lys,0.0
CFP_Val115Leu,0.0
CAPN3_Asn264Ser,0.0
KCNJ2_Ile258Thr,100.0
KRT6A_Glu163Lys,0.0
FARS2_Ala166Thr,7.69
MLH1_Val185Gly,63.16
TH_Thr283Met,100.0
RP2_Ile223Val,0.0
SDHD_Glu69Lys,0.0
RAD51D_Glu307Lys,26.32
KCNJ2_Met301Leu,100.0
PYGL_Pro382Leu,0.0
RP2_Asn217Ser,0.0
AGXT_Arg289His,0.0
UBQLN2_Pro506Thr,0.0
RP2_Cys105Tyr,100.0
GFAP_Glu207Lys,0.0
KRT86_Glu402Gln,14.29
ZMYND_Val16Gly,100.0
KRT6A_Gln166Pro,0.0
AGXT_Ser218Leu,57.14
TSFM_Ala20Val,0.0
CFP_Asp299Asn,0.0
MPDU1_Ser146Leu,0.0
MPDU1_Arg200Gln,0.0
GMPPB_Pro32Leu,100.0
NMNAT1_Arg207Trp,0.0
TTR_Ile127Val,0.0
GFAP_Met74Thr,10.0
LITAF_Val144Met,0.0
MYD88_Met27Thr,0.0
FA2H_Arg143Cys,0.0
RP2_Lys7Gln,0.0
SDHD_Gly138Val,100.0
STXBP1_Leu365Phe,100.0
RP2_Lys144Arg,0.0
LITAF_Thr49Met,0.0
TPM1_Ser215Leu,0.0
NF2_Leu452Pro,100.0
TSFM_Leu266Ile,0.0
RAD51D_Thr27Lys,50.0
BAG3_Leu462Pro,31.25
RP2_Arg23Gln,0.0
NF2_Pro19Arg,0.0
AHCY_Ala229Thr,0.0
MPDU1_Ala135Pro,0.0
HPRT1_Phe74Leu,50.0
KLHL3_Cys164Phe,100.0
RP2_Asp255Glu,0.0
CFP_Arg222His,42.86
HMBS_Arg225Gln,0.0
TSFM_Leu266Val,100.0
KRT6A_Ile462Asn,0.0
KCNJ2_Arg260Pro,100.0
CAPN3_Asp252Asn,0.0
AGXT_Gly41Arg,100.0
CAPN3_Arg257Gln,0.0
CAPN3_Arg80Gln,0.0
CFP_Arg103His,0.0
HMBS_Glu86Val,0.0
PYGL_Asp629Tyr,0.0
HMBS_Cys247Arg,100.0
TTR_Ala117Gly,100.0
CAPN3_Arg60Gln,0.0
UROD_Glu167Lys,0.0
RP2_Pro17Ser,0.0
FARS2_Gly3Val,79.49
AHCY_Tyr143Cys,0.0
RAD51D_Thr328Ile,5.26
IMPDH1_Thr242Met,0.0
NF2_Lys186Glu,0.0
MPDU1_Leu46Pro,0.0
AGXT_Pro10Ala,100.0
AGXT_Gly41Glu,0.0
SDHD_Tyr114Cys,0.0
MPDU1_Gly73Glu,0.0
SDHD_Gly106Val,0.0
TPM1_Glu54Lys,50.0
PITX2_Thr121Pro,100.0
TSFM_His259Tyr,100.0
STXBP1_His245Arg,100.0
SDHD_Pro81Leu,100.0
LITAF_Pro135Ser,16.67
RAD51D_Ile251Val,0.0
EZH2_Arg684Cys,0.0
TTR_Phe53Ile,0.0
IMPDH1_Ala441Thr,0.0
CFP_Gly70Glu,0.0
KLHL3_Ala77Glu,0.0
SDHD_Tyr114His,0.0
MPDU1_Gln77Pro,0.0
IMPDH1_Cys295Ser,50.0
NR0B1_Lys382Asn,0.0
TSFM_Gly90Asp,0.0
ASNS_Ala6Glu,100.0
STXBP1_Asn398Ser,66.67
VHL_Arg126Trp,100.0
TTR_Ala56Pro,0.0
KRT6A_Glu472Asp,0.0
SUOX_Gly530Asp,0.0
GFAP_Ser393Ile,7.14
TPM1_Ala63Val,0.0
CFP_Ala402Gly,0.0
EMD_Pro183His,13.33
TSFM_Thr33Ala,0.0
KCTD1_Pro31His,0.0
MPDU1_Ile50Thr,0.0
SDHD_Leu85Phe,0.0
GFAP_Lys236Thr,0.0
LITAF_Phe136Leu,0.0
PMP22_Arg157Trp,0.0
IMPDH1_Leu284Pro,0.0
CAPN3_Asp174Glu,0.0
LITAF_Ala111Gly,16.67
RAD51D_Val132Ile,61.11
NF2_Glu380Lys,0.0
CAPN3_Arg236Gly,0.0
TSFM_Gly180Ala,0.0
HMBS_Arg149Gln,0.0
CFP_Ala257Thr,0.0
CAPN3_Tyr258Cys,0.0
UROD_Met165Arg,100.0
KCNJ2_Thr139Ile,50.0
HMBS_Arg195Cys,0.0
TPM1_Val95Ala,0.0
CAPN3_Thr194Lys,0.0
KRT6A_Ile167Ser,0.0
TPM1_Asn279His,100.0
MPDU1_Lys238Arg,0.0
TPM1_Leu185Arg,0.0
PITX2_Lys141Glu,0.0
KCNJ2_Asn318Ser,100.0
HBD_Gly26Asp,50.0
NCF2_Gly44Arg,100.0
HBD_Glu44Gly,0.0
TPM1_Asp175Asn,0.0
KCNJ2_Cys54Phe,100.0
TTR_Val50Ala,0.0
KCNJ2_Asn216His,100.0
MPDU1_Pro8Leu,0.0
KCNJ2_Pro415Leu,100.0
HGD_Arg330Ser,0.0
IMPDH1_Arg24Pro,0.0
KLHL3_Glu85Ala,0.0
CAPN3_Ala190Val,0.0
STXBP1_Arg505His,33.33
CLN6_Gly123Asp,0.0
IMPDH1_Gly44Arg,0.0
MVK_Ile268Val,0.0
RP2_Gly306Asp,0.0
KRT5_Gly476Asp,0.0
MPDU1_Gly225Ser,100.0
TSFM_Gly21Ala,0.0
GRN_Ser120Tyr,12.5
HPRT1_Ser104Arg,0.0
GFAP_Met73Arg,0.0
SDHD_Ser68Gly,0.0
TH_Thr245Pro,0.0
CRYAB_Arg157His,0.0
HGD_Gly161Arg,100.0
CFP_Val30Met,0.0
MLH1_Ser295Thr,0.0
GCK_Glu221Lys,50.0
IMPDH1_Asp275Gly,0.0
TSFM_Val252Ile,0.0
KCNJ2_Asp71His,100.0
